actual,predicted
" offY
biasN"," offY
biasY"
" offY
biasN"," offY
biasN"
" offY
biasY"," offY
biasY"
" offY
biasN"," offN
biasY"
" offN
biasY"," offN
biasY"
" offN
biasY"," offN
biasY"
" offN
biasY"," offN
biasY"
" offN
biasY"," offN
biasY"
" offY
biasN"," offY
biasN"
" offN
biasY"," offN
biasY"
" offN
biasY"," offN
biasY"
" offY
biasN"," offY
biasN"
" offY
biasN"," offN
biasY"
" offN
biasY"," offY
biasN"
" offN
biasY"," offN
biasY"
" offY
biasN"," offY
biasN"
" offY
biasN"," offY
biasN"
" offN
biasY"," offN
biasY"
" offY
biasY"," offY
biasN"
" offY
biasN"," offY
biasN"
" offY
biasY"," offN
biasY"
" offN
biasY"," offN
biasY"
" offY
biasY"," offY
biasY"
" offN
biasY"," offN
biasY"
" offN
biasY"," offN
biasY"
" offY
biasN"," offN
biasY"
" offN
biasY"," offY
biasN"
" offN
biasY"," offN
biasY"
" offN
biasY"," offN
biasY"
" offN
biasY"," offN
biasY"
" offY
biasY"," offN
biasY"
" offY
biasY"," offN
biasY"
" offN
biasY"," offN
biasY"
" offY
biasY"," offN
biasY"
" offN
biasY"," offN
biasY"
" offY
biasN"," offY
biasY"
" offN
biasY"," offN
biasY"
" offY
biasY"," offY
biasY"
" offY
biasN"," offY
biasN"
" offY
biasY"," offY
biasN"
" offN
biasY"," offN
biasY"
" offN
biasY"," offN
biasY"
" offY
biasN"," offY
biasN"
" offY
biasN"," offY
biasN"
" offN
biasY"," offY
biasN"
" offN
biasY"," offN
biasY"
" offY
biasN"," offY
biasN"
" offY
biasN"," offY
biasN"
" offY
biasY"," offN
biasY"
" offN
biasY"," offN
biasY"
" offN
biasY"," offN
biasY"
" offN
biasY"," offN
biasY"
" offN
biasY"," offN
biasY"
" offN
biasY"," offN
biasY"
" offY
biasN"," offN
biasY"
" offN
biasY"," offY
biasN"
" offN
biasY"," offN
biasY"
" offN
biasY"," offN
biasY"
" offN
biasY"," offN
biasY"
" offN
biasY"," offN
biasY"
" offY
biasY"," offY
biasY"
" offN
biasN"," offN
biasY"
" offY
biasN"," offY
biasN"
" offY
biasN"," offY
biasN"
" offY
biasN"," offY
biasN"
" offN
biasY"," offN
biasY"
" offN
biasY"," offN
biasY"
" offN
biasY"," offN
biasY"
" offN
biasY"," offN
biasY"
" offY
biasN"," offY
biasN"
" offY
biasN"," offY
biasY"
" offN
biasY"," offN
biasY"
" offN
biasY"," offY
biasY"
" offN
biasY"," offN
biasY"
" offY
biasN"," offY
biasN"
" offN
biasY"," offN
biasY"
" offY
biasN"," offY
biasN"
" offN
biasY"," offN
biasY"
" offY
biasN"," offN
biasY"
" offY
biasN"," offY
biasN"
" offN
biasY"," offN
biasY"
" offN
biasY"," offN
biasY"
" offY
biasN"," offY
biasN"
" offY
biasN"," offN
biasY"
" offY
biasN"," offY
biasN"
" offN
biasY"," offN
biasY"
" offN
biasY"," offN
biasY"
" offY
biasN"," offY
biasN"
" offN
biasY"," offY
biasN"
" offY
biasY"," offY
biasN"
" offN
biasY"," offN
biasY"
" offN
biasY"," offN
biasY"
" offY
biasN"," offY
biasY"
" offN
biasY"," offN
biasY"
" offN
biasY"," offY
biasY"
" offN
biasY"," offN
biasY"
" offN
biasY"," offN
biasY"
" offN
biasY"," offN
biasY"
" offY
biasN"," offY
biasN"
" offY
biasN"," offY
biasN"
" offY
biasN"," offY
biasN"
" offN
biasY"," offN
biasY"
" offN
biasY"," offN
biasY"
" offY
biasN"," offY
biasN"
" offN
biasY"," offN
biasY"
" offY
biasN"," offY
biasN"
" offY
biasY"," offN
biasY"
" offN
biasY"," offN
biasY"
" offY
biasN"," offY
biasN"
" offN
biasY"," offN
biasY"
" offY
biasN"," offY
biasN"
" offN
biasY"," offY
biasN"
" offY
biasN"," offY
biasN"
" offN
biasY"," offN
biasY"
" offN
biasY"," offY
biasN"
" offY
biasN"," offY
biasN"
" offN
biasY"," offN
biasY"
" offN
biasY"," offN
biasY"
" offY
biasY"," offY
biasN"
" offN
biasY"," offN
biasY"
" offN
biasY"," offN
biasY"
" offY
biasN"," offY
biasN"
" offY
biasN"," offY
biasN"
" offN
biasY"," offN
biasY"
" offY
biasY"," offN
biasY"
" offN
biasY"," offN
biasY"
" offY
biasN"," offY
biasN"
" offN
biasY"," offN
biasY"
" offY
biasN"," offN
biasY"
" offY
biasY"," offY
biasN"
" offN
biasY"," offN
biasY"
" offY
biasN"," offY
biasN"
" offY
biasN"," offY
biasN"
" offY
biasN"," offY
biasN"
" offY
biasN"," offY
biasN"
" offY
biasN"," offY
biasN"
" offY
biasN"," offY
biasN"
" offN
biasY"," offY
biasN"
" offN
biasY"," offN
biasY"
" offY
biasN"," offY
biasN"
" offY
biasN"," offN
biasY"
" offN
biasY"," offN
biasY"
" offY
biasN"," offY
biasN"
" offY
biasN"," offY
biasN"
" offN
biasY"," offN
biasY"
" offY
biasN"," offY
biasN"
" offY
biasN"," offY
biasN"
" offN
biasN"," offY
biasN"
" offY
biasN"," offY
biasN"
" offY
biasN"," offN
biasY"
" offN
biasY"," offN
biasY"
" offN
biasY"," offN
biasY"
" offY
biasN"," offY
biasN"
" offY
biasN"," offY
biasY"
" offY
biasN"," offN
biasY"
" offN
biasY"," offY
biasY"
" offY
biasN"," offY
biasN"
" offY
biasN"," offY
biasN"
" offN
biasY"," offN
biasY"
" offN
biasY"," offN
biasY"
" offY
biasN"," offN
biasY"
" offY
biasN"," offN
biasY"
" offN
biasY"," offN
biasY"
" offN
biasY"," offN
biasY"
" offY
biasN"," offY
biasN"
" offN
biasY"," offN
biasY"
" offY
biasY"," offN
biasY"
" offY
biasN"," offY
biasN"
" offY
biasY"," offY
biasN"
" offN
biasY"," offN
biasY"
" offY
biasN"," offY
biasN"
" offY
biasN"," offY
biasN"
" offY
biasY"," offN
biasY"
" offY
biasN"," offN
biasY"
" offN
biasY"," offN
biasY"
" offN
biasY"," offN
biasY"
" offN
biasY"," offY
biasY"
" offN
biasY"," offN
biasY"
" offY
biasN"," offY
biasN"
" offY
biasN"," offY
biasN"
" offN
biasY"," offY
biasN"
" offN
biasY"," offN
biasY"
" offY
biasN"," offY
biasN"
" offY
biasN"," offN
biasY"
" offN
biasY"," offY
biasN"
" offN
biasY"," offY
biasN"
" offN
biasY"," offY
biasY"
" offY
biasN"," offY
biasN"
" offN
biasY"," offY
biasY"
" offN
biasY"," offY
biasN"
" offY
biasY"," offN
biasY"
" offY
biasY"," offY
biasY"
" offY
biasN"," offY
biasN"
" offN
biasY"," offN
biasY"
" offY
biasN"," offY
biasN"
" offY
biasN"," offY
biasN"
" offY
biasN"," offY
biasN"
" offY
biasN"," offY
biasN"
" offN
biasY"," offN
biasY"
" offY
biasN"," offY
biasN"
" offY
biasN"," offY
biasN"
" offY
biasN"," offY
biasN"
" offY
biasN"," offY
biasN"
" offY
biasY"," offY
biasY"
" offY
biasN"," offY
biasN"
" offN
biasY"," offY
biasN"
" offN
biasN"," offY
biasN"
" offY
biasN"," offY
biasY"
" offY
biasN"," offY
biasN"
" offN
biasY"," offY
biasN"
" offN
biasY"," offN
biasY"
" offN
biasY"," offN
biasY"
" offN
biasY"," offN
biasY"
" offY
biasN"," offY
biasN"
" offN
biasY"," offN
biasY"
" offN
biasY"," offN
biasY"
" offY
biasN"," offY
biasN"
" offY
biasN"," offY
biasN"
" offY
biasN"," offY
biasN"
" offY
biasN"," offY
biasN"
" offN
biasY"," offN
biasY"
" offN
biasY"," offN
biasY"
" offN
biasY"," offN
biasY"
" offY
biasN"," offY
biasN"
" offY
biasN"," offY
biasN"
" offY
biasY"," offY
biasN"
" offY
biasY"," offY
biasY"
" offN
biasY"," offN
biasY"
" offN
biasY"," offN
biasY"
" offN
biasY"," offN
biasY"
" offN
biasY"," offY
biasN"
" offN
biasY"," offY
biasN"
" offN
biasY"," offN
biasY"
" offN
biasY"," offN
biasY"
" offY
biasN"," offY
biasN"
